ret_5d,ret_20d,accel,vol_ratio,amt_ratio,breakout_60d,last_close,last_date,concept_code,concept_name,score,stage
0.30394499202254743,0.4298960007815482,-0.12595100875900078,1.7254885428295537,2.3875643326611735,1.0,1610.02,2026-01-14,BK1169,Kimi概念,2.4284689979223053,扩散
0.23058192729598104,0.29590074767323404,-0.065318820377253,2.0969553807271377,2.3888828738120806,1.0,1500.99,2026-01-14,BK1054,DRG/DIP,2.287243553006837,扩散
0.2453786884113054,0.34997846401618005,-0.10459977560487466,1.6037775087946113,2.5331910600579004,1.0,1441.75,2026-01-14,BK1172,AI语料,2.151350806502492,扩散
0.24965278151613357,0.387372849953981,-0.13772006843784745,1.6417561710275406,2.367269851010554,1.0,2321.38,2026-01-14,BK1159,Sora概念,1.978774099466204,扩散
0.16871677420512254,0.2399426472360917,-0.07122587303096917,1.8257797736522527,2.3596864985332253,1.0,1954.41,2026-01-14,BK1118,数据确权,1.7629689730286737,扩散
0.20889938185303403,0.3094260733742238,-0.10052669152118976,1.4669265481623852,1.9973697929250895,1.0,2749.69,2026-01-14,BK1111,AIGC概念,1.6788877737821732,扩散
0.19512819716910834,0.28970639958463806,-0.09457820241552972,1.3507292825989454,1.9807595581018926,1.0,1540.09,2026-01-14,BK0809,AI智能体,1.5767628011405173,扩散
0.1755528887364992,0.28436300065557396,-0.10881011191907475,1.7485208195665138,2.2143629540324876,1.0,1645.68,2026-01-14,BK1153,多模态AI,1.5682329261564463,扩散
0.14905544245064162,0.22271595981580572,-0.0736605173651641,1.5767623421569006,2.3095161872931564,1.0,2426.92,2026-01-14,BK0839,知识产权,1.5384750345145766,扩散
0.21568154828393027,0.3263696016112583,-0.110688053327328,1.294184541089285,1.7401468667274473,1.0,2067.85,2026-01-14,BK0957,拼多多概念,1.5380231799907902,扩散
0.16561026127317646,0.23342509522772148,-0.06781483395454502,1.6437910368315833,1.8818368653633977,1.0,1868.38,2026-01-14,BK0886,智慧政务,1.5264085398906815,扩散
0.24997989268438392,0.3813925730285004,-0.13141268034411646,0.7768544352488618,1.5942372214123273,1.0,2175.79,2026-01-14,BK0972,快手概念,1.4977249215715744,扩散
0.08425655976676394,0.023108665749655977,0.06114789401710796,1.6548935347576905,1.9930649497788608,0.0,37.19,2026-01-14,BK0817,昨日触板,1.4878684057246025,启动
0.19323489932885907,0.28592845081980145,-0.09269355149094238,1.2529084028297026,1.7737402815892747,1.0,2444.64,2026-01-14,BK1110,Web3.0,1.467747022327382,扩散
0.18500420012464902,0.28560719272887636,-0.10060299260422734,1.522161707881275,1.772375948969613,1.0,2623.86,2026-01-14,BK1126,ChatGPT概念,1.4415466875373149,扩散
0.18903470865501237,0.33110827445464386,-0.14207356579963148,1.540995613477941,2.1103971086432374,1.0,1637.17,2026-01-14,BK1151,短剧互动游戏,1.4223558628294621,扩散
0.17278994570190953,0.23241441210411584,-0.05962446640220631,1.2546975596257188,1.634464363077865,1.0,1922.32,2026-01-14,BK0912,远程办公,1.4206420657495045,扩散
0.1836488427773344,0.2707973458364181,-0.08714850305908373,1.2378460644341143,1.7426464627623375,1.0,1853.89,2026-01-14,BK0923,抖音概念(字节概念),1.4111923868097715,扩散
0.18285925894872168,0.2888127593163565,-0.10595350036763485,1.293735727966752,1.9099036449123394,1.0,1692.92,2026-01-14,BK1133,ERP概念,1.4016042756515446,扩散
0.12115310427218517,0.17051891695249966,-0.04936581268031448,1.2926818375892841,2.293703911446708,1.0,1801.85,2026-01-14,BK0959,数字阅读,1.380749824223921,扩散
0.13264143219110625,0.19863470838260944,-0.06599327619150319,1.6745064331112616,2.0165058253397046,1.0,2047.34,2026-01-14,BK0904,广电,1.3700060362199076,扩散
0.14430460823527014,0.2478878263001849,-0.10358321806491477,1.9124269997934271,2.081988178843355,1.0,1679.37,2026-01-14,BK1170,AI制药（医疗）,1.366706315361792,扩散
0.17986981357658416,0.24271256004850517,-0.06284274647192101,0.8756178371474457,1.5782731080798338,1.0,1598.7,2026-01-14,BK1187,小红书概念,1.340834837209264,扩散
0.15334804554166648,0.23226727584237583,-0.07891923030070935,1.409878797907759,1.8773124082231383,1.0,1510.39,2026-01-14,BK1135,数据要素,1.3354793331626014,扩散
0.13489953960258094,0.1825391705069126,-0.047639630904331653,1.4099641847920972,1.6926856542321178,1.0,2566.11,2026-01-14,BK0662,在线教育,1.2759665578482107,扩散
0.17037018395953396,0.2798682713829672,-0.10949808742343325,1.6436704106526783,1.591138801643944,1.0,1395.21,2026-01-14,BK1132,MLOps概念,1.261452100961444,扩散
0.1629629113120845,0.2532894489656363,-0.09032653765355181,1.1940897179772714,1.7436666346807423,1.0,1667.84,2026-01-14,BK1055,虚拟数字人,1.246158226488273,扩散
0.13028999064546287,0.22945615277540354,-0.09916616212994067,1.798638475139612,1.9951767408114178,1.0,1510.35,2026-01-14,BK0656,智能电视,1.2293715761882755,扩散
0.145965941280368,0.2333400284062379,-0.08737408712586991,1.4961610612442544,1.7521680727393503,1.0,1719.35,2026-01-14,BK1013,华为欧拉,1.2200264957711289,扩散
0.11173032010852091,0.13756564543594285,-0.025835325327421943,0.9559480024272675,1.926847972690155,1.0,1589.93,2026-01-14,BK0954,盲盒经济,1.1957679039200095,扩散
0.13981126647693976,0.21173438041848813,-0.07192311394154838,1.3703807370508558,1.6802599500783004,1.0,4437.65,2026-01-14,BK0696,国产软件,1.18779164575714,扩散
0.14906496902177024,0.23324148729576133,-0.08417651827399109,1.7597239286735045,1.3483903961074502,1.0,1212.93,2026-01-14,BK1189,腾讯云,1.1616417693414238,扩散
0.12929907242191874,0.21359550158854002,-0.08429642916662128,1.6391303595507254,1.76546794661042,1.0,16581.95,2026-01-14,BK0509,网络游戏,1.1600029564128995,扩散
0.11716548625390288,0.15485140720330626,-0.03768592094940337,1.2359663790188744,1.6626897284631301,1.0,1173.56,2026-01-14,BK0847,影视概念,1.1453136943023086,扩散
0.14616573841000546,0.25312862297248984,-0.10696288456248437,1.4324440596454027,1.7848038411094445,1.0,2313.1,2026-01-14,BK1176,财税数字化,1.1322220681028636,扩散
0.18620632803249437,0.33544538750991326,-0.1492390594774189,1.0726948643279273,1.6696611089172224,1.0,1582.85,2026-01-14,BK1182,智谱AI,1.0860913697564074,扩散
0.12688965933495244,0.2087991508006415,-0.08190949146568904,1.4955625764921456,1.6733611370307062,1.0,1605.66,2026-01-14,BK1188,DeepSeek概念,1.0834182304441344,扩散
0.11244128163780398,0.16045454961008576,-0.04801326797228178,1.4654863279035775,1.5535307091955595,1.0,1269.34,2026-01-14,BK0837,互联医疗,1.080640224959538,扩散
0.11470817228818508,0.15322047062884758,-0.0385122983406625,1.0355784632577154,1.6052915951021718,1.0,1603.53,2026-01-14,BK1143,空间计算,1.0539863841672203,扩散
0.12701938610662356,0.22130937419891317,-0.09428998809228961,1.5137033411857534,1.70850877271533,1.0,1953.35,2026-01-14,BK0995,华为昇腾,1.0477683319169524,扩散
0.10882326495484973,0.17745829525459333,-0.0686350302997436,1.551200399410686,1.6779174172499354,1.0,1726.46,2026-01-14,BK0853,电子竞技,1.0342917937950085,扩散
0.10962562325699321,0.18161283645755533,-0.07198721320056212,1.1221041880539055,1.9594624494423805,1.0,1313.02,2026-01-14,BK1129,数字水印,1.030757837678726,扩散
0.07888573893750772,0.10488659543958145,-0.026000856502073733,1.3618037582265816,2.025560762086305,0.0,2188.25,2026-01-14,BK0894,阿兹海默,1.0083442467310813,扩散
0.13914648043407807,0.23937758415751498,-0.10023110372343691,1.2409916026947445,1.620793809959694,1.0,2179.21,2026-01-14,BK0845,百度概念,1.0037863338395676,扩散
0.12477232789056769,0.1958578470345047,-0.07108551914393701,1.1452414704527527,1.5680561499110612,1.0,2105.81,2026-01-14,BK0997,NFT概念,0.9907962517513014,扩散
0.08371767632274452,0.15507829400988693,-0.07136061768714241,1.4186012704538853,2.064654685697235,1.0,1254.75,2026-01-14,BK1186,首发经济,0.9700659851522533,扩散
0.14148028528215817,0.23079046858261942,-0.08931018330046125,1.2266715651197697,1.3626176783288373,1.0,3343.43,2026-01-14,BK0689,阿里概念,0.9637091262029928,扩散
0.13342829660848943,0.22996079806221337,-0.09653250145372394,1.1217075245752297,1.6062530264242887,1.0,1543.65,2026-01-14,BK1190,虚拟机器人,0.9466048656086394,扩散
0.1327575558821701,0.21882582021048091,-0.08606826432831083,1.31222323181519,1.3481196422248156,1.0,2366.07,2026-01-14,BK1104,信创,0.9337254958247022,扩散
0.08548993585489928,0.12489613478123829,-0.03940619892633901,1.3888511142490811,1.8122457596356352,0.0,1177.8,2026-01-14,BK1063,重组蛋白,0.917500211928107,扩散
0.1026705865422175,0.1338364620328092,-0.031165875490591688,1.0208486136022445,1.3722996434117296,1.0,1609.05,2026-01-14,BK1022,职业教育,0.9100360902947371,扩散
0.08162932701710157,0.12787773044502848,-0.04624840342792691,1.3344918907156411,1.7101324543007417,1.0,995.51,2026-01-14,BK1085,痘病毒防治,0.908027562670635,扩散
0.10293680420204154,0.15890867437259204,-0.0559718701705505,1.1305715813333794,1.5184141450059725,1.0,1335.48,2026-01-14,BK1183,谷子经济,0.8859533875403539,扩散
0.05092145461712816,0.07480723680895007,-0.023885782191821914,2.1751749816858057,1.66019561066833,0.0,1066.37,2026-01-14,BK0996,毛发医疗,0.8819874777924437,扩散
0.11659509665381607,0.17610294648921254,-0.059507849835396476,1.0370272427731284,1.3275895931668131,1.0,1627.75,2026-01-14,BK1061,数字经济,0.8662216453090574,扩散
0.12793197227213238,0.2032306351536417,-0.07529866288150933,1.2417001055350392,1.1616435892847963,1.0,4155.73,2026-01-14,BK0579,云计算,0.8585896463884186,扩散
0.12744825340397958,0.20533667933505462,-0.07788842593107503,1.0684690727619475,1.3031300078315402,1.0,6647.48,2026-01-14,BK0634,大数据,0.8570600260640147,扩散
0.11147872733405051,0.19784676986631733,-0.08636804253226682,1.4066681565021115,1.4326036724913767,1.0,2076.12,2026-01-14,BK0899,CRO,0.8434052322338683,扩散
0.0920978528687082,0.15756844651440427,-0.06547059364569607,1.4202598289706971,1.5040943402794222,1.0,1861.59,2026-01-14,BK1084,数字哨兵,0.8348862714148046,扩散
0.09030237926542184,0.1697245738035542,-0.07942219453813237,1.4457695589029358,1.608611117006323,1.0,1908.16,2026-01-14,BK0953,鸿蒙概念,0.8080384391220203,扩散
0.11374715947714953,0.18217567658109424,-0.06842851710394471,0.7498401806185748,1.4978095894110304,1.0,2293.74,2026-01-14,BK0693,基因测序,0.8042460316514304,扩散
0.10229229989868283,0.16126751167444975,-0.05897521177576692,0.8963697229776866,1.4586571553384169,1.0,870.37,2026-01-14,BK0940,网红经济,0.7882422243364983,扩散
0.05873887059397487,0.1011611288235641,-0.04242225822958923,1.5280523282411216,1.6287102106644178,1.0,1302.09,2026-01-14,BK0942,商汤概念,0.7842665180407996,扩散
0.1131742530579507,0.18381882543608996,-0.07064457237813926,1.008017238764721,1.3196795886567316,1.0,1387.85,2026-01-14,BK0830,区块链,0.7836728097320826,扩散
0.08223535636396484,0.14360617734292425,-0.061370820978959406,1.3497709120884296,1.5289906394673922,1.0,1677.27,2026-01-14,BK1119,PLC概念,0.7784735621236433,扩散
0.0995891339901871,0.14939039645078966,-0.04980126246060257,1.1088422585880942,1.4491735402925117,0.0,1378.28,2026-01-14,BK0986,CAR-T细胞疗法,0.7581287854747414,扩散
0.07637547752294238,0.11688558640259794,-0.04051010887965556,1.297468311187191,1.3553139033700883,1.0,1527.14,2026-01-14,BK0841,体外诊断,0.7502393360985568,扩散
0.11177679735285273,0.1345578266097056,-0.02278102925685288,0.7708486612953696,0.8255648955868129,1.0,1330.53,2026-01-14,BK1147,SPD概念,0.7352040760645281,扩散
0.08931357026425424,0.16589023192991448,-0.07657666166566024,1.4492809130035123,1.403667185994811,1.0,1864.48,2026-01-14,BK1008,国资云概念,0.7347896455407011,扩散
0.11072257276613051,0.20171327901343306,-0.09099070624730254,1.0770395603012908,1.3924893435446464,1.0,2728.49,2026-01-14,BK1009,元宇宙概念,0.7223191093301082,扩散
0.08680347513481124,0.11942399794284975,-0.03262052280803851,1.0145682447936535,1.1760187850039325,1.0,1741.32,2026-01-14,BK0818,可燃冰,0.7175441790215319,扩散
0.1090708662034019,0.18966487721685943,-0.08059401101345753,1.1415549498730475,1.2029511975826916,1.0,5664.28,2026-01-14,BK0655,网络安全,0.6986769151755879,扩散
0.05263522524550979,0.08140424547605907,-0.02876902023054928,1.3238237646212911,1.4784852860509012,1.0,1215.52,2026-01-14,BK1057,电子纸概念,0.6948880718117622,扩散
0.10686661242314077,0.18956643016061014,-0.08269981773746937,1.1258631889475552,1.2176241965133205,1.0,2149.38,2026-01-14,BK0800,人工智能,0.6762992031477612,扩散
0.1061769978812408,0.19131732147558722,-0.08514032359434642,1.255670951390007,1.1752895848259328,1.0,2036.14,2026-01-14,BK1064,东数西算,0.6757869458380327,扩散
0.12203259763441943,0.20890438658770027,-0.08687178895328085,0.9216283784044923,1.1078116394014312,1.0,1345.16,2026-01-14,BK1047,数据安全,0.6687885581677703,扩散
0.07124220711537066,0.09625860380244466,-0.025016396687074005,1.0266921370768953,1.2225428481307694,1.0,3268.21,2026-01-14,BK0671,彩票概念,0.66626553652273,扩散
0.09220753522888758,0.14912433135528613,-0.05691679612639855,1.018987484015223,1.222192285814995,1.0,6678.86,2026-01-14,BK0628,智慧城市,0.6661826009661422,扩散
0.06349136295027824,0.10221295203593428,-0.03872158908565604,1.2816528656459214,1.3378326871169168,1.0,2409.68,2026-01-14,BK0958,虚拟电厂,0.659784193079346,扩散
0.06823239011558258,0.11085400584576166,-0.042621615730179085,1.1549422307111068,1.3767908120695749,1.0,1185.77,2026-01-14,BK0939,辅助生殖,0.6593248995525681,扩散
0.044218530457062366,0.09237109836585278,-0.04815256790879041,1.2419204107977628,1.7928820185000562,1.0,1137.06,2026-01-14,BK0850,进口博览,0.6548178371717196,扩散
0.09720524823022103,0.16120018546989767,-0.06399493723967664,0.9412905551940154,1.2336715374190752,1.0,1903.3,2026-01-14,BK0861,数字孪生,0.6546080513166407,扩散
0.09198649561107364,0.1580973550187046,-0.06611085940763095,0.9302643611169896,1.3237508029614773,1.0,2021.54,2026-01-14,BK1071,跨境支付,0.642206082041537,扩散
0.08324621352848172,0.14468314327712295,-0.061436929748641234,1.0232449687663268,1.3561015111189363,1.0,1253.76,2026-01-14,BK0806,精准医疗,0.6384940875112943,扩散
0.09417171201400532,0.17824951397207545,-0.08407780195807013,1.0424153713964195,1.2785701013070079,1.0,2400.0,2026-01-14,BK0883,数字货币,0.5873513808479149,扩散
0.08417488805562634,0.1667097603209302,-0.08253487226530387,1.2068664852137871,1.318411491889922,1.0,1489.06,2026-01-14,BK1075,电子身份证,0.5815130619463149,扩散
0.06366892464660179,0.10423124796841443,-0.04056232332181264,1.2463375391993488,1.1560901159330537,1.0,1392.8,2026-01-14,BK1146,减肥药,0.5734309056490196,扩散
0.09535634467345422,0.1842599829366809,-0.08890363826322667,1.020092777871803,1.2590928876141585,1.0,1984.95,2026-01-14,BK0970,生物识别,0.5611109954294246,扩散
0.05340024303524005,0.0737268259675321,-0.02032658293229206,1.095352344447437,1.1660695412270052,1.0,1872.44,2026-01-14,BK0872,青蒿素,0.5601362658061577,扩散
0.08501064779831013,0.1601091959651355,-0.07509854816682537,1.1460242044008258,1.1927020253978142,1.0,947.67,2026-01-14,BK0937,蚂蚁概念,0.5562466305320144,扩散
0.061228706917106024,0.10323383769671013,-0.042005130779604105,1.1835312229668533,1.2056428144854885,1.0,2002.91,2026-01-14,BK0889,医疗美容,0.5545564675965826,扩散
0.05294565521549832,0.0822725965365243,-0.02932694132102598,1.5873496797108517,0.9403645998092007,1.0,1618.03,2026-01-14,BK1179,房屋检测,0.5485466661729544,扩散
0.09841200579719178,0.17263236700910856,-0.07422036121191677,1.243525924191629,1.0910587012034147,0.0,1409.68,2026-01-14,BK0885,VPN,0.5353318751215179,扩散
0.0823352872215708,0.1416304767180745,-0.0592951894965037,1.0636227107226293,1.0543789434723716,1.0,2308.08,2026-01-14,BK0922,数据中心,0.533861763605718,扩散
0.06817267937601179,0.09085835825295874,-0.022685678876946946,0.38250834312600746,1.2975688185602552,1.0,1036.01,2026-01-14,BK0807,共享经济,0.5287829943422606,扩散
0.044965309200603265,0.09071272937946318,-0.04574742017885991,1.5848242666762418,1.4606900198419046,0.0,1732.03,2026-01-14,BK0698,免疫治疗,0.524073652642973,扩散
0.05368328617426088,0.06615592698265393,-0.012472640808393054,1.034618828066022,1.2685396267272377,0.0,1079.92,2026-01-14,BK1056,幽门螺杆菌概念,0.5219661039345839,扩散
0.0436694706702474,0.08327182316149329,-0.039602352491245885,1.1243287120300827,1.3217136331109232,1.0,1115.38,2026-01-14,BK0813,雄安新区,0.4765590639509779,扩散
0.04182054707212535,0.05717930771752311,-0.015358760645397762,1.6038019002768733,1.0074005721462047,0.0,1193.27,2026-01-14,BK0862,超级真菌,0.4645975708117056,扩散
0.048264759357003806,0.07189130310153069,-0.023626543744526884,0.8777846660104112,1.1238995335371196,1.0,1308.79,2026-01-14,BK0980,化债(AMC)概念,0.4414382568605978,扩散
0.06590715055494134,0.11103330561512537,-0.045126155060184026,0.8232979805992364,1.0860960222269225,1.0,2284.74,2026-01-14,BK0581,智能电网,0.4386924243777649,扩散
0.05156124787358185,0.07804674156655578,-0.026485493692973927,0.9471338198658203,1.3008706612702179,0.0,1495.93,2026-01-14,BK1078,肝炎概念,0.43708575159600416,扩散
0.09088922758811813,0.15175265852697906,-0.06086343093886093,0.813338098621152,0.7758003480860265,1.0,2047.01,2026-01-14,BK1134,算力概念,0.4158567238418033,扩散
0.08972102270568727,0.16212675732980397,-0.0724057346241167,0.9435325000264421,1.084870358099626,0.0,1721.04,2026-01-14,BK0982,电子车牌,0.4090590831682596,扩散
0.04911043699270312,0.060827135345113525,-0.011716698352410404,0.8843078339094432,1.109295159362882,0.0,1791.44,2026-01-14,BK0906,流感,0.39564004246305434,扩散
0.13163684740154524,0.23449952554314457,-0.10286267814159933,0.6858335136735818,0.8057653141839742,0.0,1990.47,2026-01-14,BK1130,时空大数据,0.38864266419095017,扩散
0.06733286451285014,0.1019572671474418,-0.034624402634591656,0.600524658685857,0.9291083515058269,1.0,1806.13,2026-01-14,BK1115,跨境电商,0.3795231829565321,扩散
0.05972881783938111,0.11071410191373121,-0.0509852840743501,0.8667071270203341,1.3065959425264873,0.0,1510.76,2026-01-14,BK0955,C2M概念,0.36729688784707604,扩散
0.05639177716610044,0.0978341696087035,-0.04144239244260306,0.7306220576641957,1.0767271033835972,1.0,1638.77,2026-01-14,BK0708,体育产业,0.36406563283816273,扩散
0.04775874559203008,0.08642803044412162,-0.038669284852091534,0.8374925803151358,1.1205095623574306,1.0,1750.04,2026-01-14,BK1003,抽水蓄能,0.3605199264457488,扩散
0.050906586023258926,0.10987381816478314,-0.05896723214152422,1.19642812169061,1.0392468370933794,1.0,4027.61,2026-01-14,BK0643,上海自贸,0.34767329074961784,扩散
0.05504628907265818,0.10513126085328062,-0.050084971780622434,0.9496849882908533,1.0115485795306456,1.0,1622.83,2026-01-14,BK1106,创新药,0.34444263515443324,扩散
0.07456022378826188,0.16116843482052023,-0.08660821103225835,1.097611128309207,0.968430403143457,1.0,2397.0,2026-01-14,BK0859,超清视频,0.3351213234810494,扩散
0.0790284792930509,0.11927499872944614,-0.040246519436395234,0.7295807442566287,0.5881435887606099,1.0,2422.57,2026-01-14,BK0606,油气设服,0.33262487389421214,扩散
0.03910336325836994,0.09082966239558399,-0.05172629913721405,0.9979801352993118,1.234478450287206,1.0,5967.82,2026-01-14,BK0637,互联金融,0.32732900166962187,扩散
0.08838259990785735,0.1116440747430898,-0.023261474835232443,0.2719883821653315,0.5007669032774347,1.0,1464.68,2026-01-14,BK0928,抖音小店,0.32626649487252535,扩散
0.04457510859405067,0.07425641098136793,-0.029681302387317254,0.9882504388702484,1.132923625191403,0.0,3039.63,2026-01-14,BK0675,病毒防治,0.3198972040976494,扩散
0.08155337630529802,0.1543564477040198,-0.07280307139872177,0.7153280970704641,0.877662812251075,1.0,15446.94,2026-01-14,BK0556,移动支付,0.31559005269713697,扩散
0.0765758972210584,0.18418255436018116,-0.10760665713912276,1.6297702646146912,1.002014849787551,0.0,1927.34,2026-01-14,BK1127,AI芯片,0.2982522739912873,扩散
0.06404512915250882,0.12724413301413673,-0.06319900386162791,0.7915748528867541,0.925852322622301,1.0,3225.44,2026-01-14,BK0653,养老概念,0.2760765377293213,扩散
0.0477885660512245,0.07602295371799284,-0.028234387666768335,0.9187493894412408,0.729656295346597,1.0,1436.34,2026-01-14,BK0974,化妆品概念,0.27403755864071183,扩散
0.08761507356104281,0.172286363425604,-0.08467128986456118,0.903631105566139,0.9199757164125812,0.0,2528.27,2026-01-14,BK0860,边缘计算,0.26661537121968654,扩散
0.03278226033967169,0.04126777732629017,-0.00848551698661848,0.8897316488281222,1.0046218419817285,0.0,1281.28,2026-01-14,BK1024,绿色电力,0.25925254516285784,扩散
0.029750145264381134,0.04387928346211156,-0.014129138197730429,0.7084205885200066,1.2231070506242898,0.0,1506.37,2026-01-14,BK1087,超超临界发电,0.2549705451231525,扩散
0.07586776122066574,0.16364001930191385,-0.08777225808124811,1.0890977251652352,1.0047199677749186,0.0,1446.87,2026-01-14,BK0722,虚拟现实,0.25097342077156176,扩散
0.022422111191249483,0.03053256844967933,-0.008110457258429848,1.0234526201591834,1.0709615577392726,0.0,2735.93,2026-01-14,BK0676,独家药品,0.24867316487556937,扩散
0.06078477824466022,0.10028668118035045,-0.039501902935690225,0.5496753814916819,0.7909937535308427,1.0,2552.28,2026-01-14,BK0665,电商概念,0.24723884616843086,扩散
0.04735518793139337,0.082440954004535,-0.03508576607314162,0.6622407513205399,0.8892147534082644,1.0,1962.0,2026-01-14,BK0664,婴童概念,0.24090683444204708,扩散
0.05978299600912207,0.12237254236008899,-0.06258954635096692,0.8919650014424902,0.7907576791692688,1.0,2379.34,2026-01-14,BK0835,独角兽,0.22140135569682715,扩散
0.08161022740977986,0.18418697457415734,-0.10257674716437748,0.8945440155565396,1.0958512463140546,0.0,1614.26,2026-01-14,BK0897,IPv6,0.21311103831404285,扩散
0.044644376169650446,0.07139631317485717,-0.026751937005206727,0.6105386266197028,0.8007610115964301,1.0,1043.84,2026-01-14,BK0993,宠物经济,0.21220600270849377,扩散
0.07217757278754666,0.15921818354086348,-0.08704061075331682,0.8353689010385326,0.8436432269260794,1.0,4649.23,2026-01-14,BK0854,华为概念,0.20476743778892753,扩散
0.043803080319273935,0.09634758339371485,-0.05254450307444092,0.6766213571640434,1.0388645151140454,1.0,2042.66,2026-01-14,BK0684,京津冀,0.2015289025223399,扩散
0.07152565471353656,0.15443381856440697,-0.08290816385087041,1.0744301522014297,0.9043596168127779,0.0,2940.62,2026-01-14,BK0832,工业互联,0.20018924166258156,扩散
0.038141705529513015,0.0646560364214499,-0.026514330891936888,0.9534148939283784,0.9068777864554662,0.0,31018.2,2026-01-14,BK0548,生物疫苗,0.19348364019648248,扩散
0.046304523451434765,0.08633921911217701,-0.04003469566074225,0.7882876583676157,0.7548431192130185,1.0,23869.23,2026-01-14,BK0534,成渝特区,0.19006137260957928,扩散
0.07325639413948837,0.1562831611281763,-0.08302676698868794,0.9767581733389179,0.9064990409227864,0.0,1656.26,2026-01-14,BK1150,新型工业化,0.188607277999609,扩散
0.05530160503262982,0.107335091534416,-0.052033486501786186,0.7366401162283407,0.7454809045356456,1.0,1435.97,2026-01-14,BK1174,合成生物,0.18217903553089648,扩散
0.040395868886146324,0.0981675392670156,-0.05777167038086928,1.0523895209094674,1.11998523967332,0.0,1761.9,2026-01-14,BK1065,气溶胶检测,0.17798306875129666,扩散
0.035075793389256704,0.07333881990911362,-0.03826302651985691,0.659877083749647,0.9652932199653836,1.0,2999.66,2026-01-14,BK0604,参股保险,0.17240122697910812,扩散
0.03349330724268529,0.042045106643535,-0.008551799400849713,0.8488508265854029,0.7850653349115968,0.0,2450.64,2026-01-14,BK0615,中药概念,0.1682652301766329,扩散
0.04945921989339408,0.11275292808644966,-0.06329370819305558,0.7049945497732526,0.9432528483305933,1.0,2640.24,2026-01-14,BK0918,特高压,0.16217891705086648,扩散
0.05521543442213028,0.12365571808547915,-0.06844028366334887,0.738228464683278,0.8720327037360358,1.0,4009.08,2026-01-14,BK0567,股权激励,0.15892616520863284,扩散
0.052231421432181735,0.0892864380861138,-0.03705501665393207,0.6541142419913877,0.6188741200374477,1.0,2956.16,2026-01-14,BK0603,页岩气,0.15800554174441686,扩散
0.053212902092913295,0.1254189583797538,-0.07220605628684051,0.7834781348931987,0.896755488593423,1.0,4798.28,2026-01-14,BK0668,医疗器械概念,0.14928593445397817,扩散
0.04907595254938868,0.052540503760015955,-0.0034645512106272758,0.5004963742375876,0.6119690279895331,0.0,1794.35,2026-01-14,BK1069,智慧灯杆,0.14484151682162544,扩散
0.06503163826151237,0.1532300701598961,-0.08819843189838372,0.8786366169461193,1.054884228374096,0.0,1614.13,2026-01-14,BK1149,星闪概念,0.14388824946881057,扩散
0.06351015281133332,0.1391710069444443,-0.07566085413311097,0.7716793076489474,0.7469657254119524,1.0,2099.72,2026-01-14,BK0742,创业板综,0.1428517085659947,扩散
0.04904029523711828,0.11548296257096724,-0.06644266733384896,0.7306276093390112,0.9147266497091706,1.0,19940.63,2026-01-14,BK0506,创投,0.14051832953856958,扩散
0.05484644538451411,0.1242695388589703,-0.06942309347445619,0.7243254208023804,0.8440050146231464,1.0,20506.89,2026-01-14,BK0547,黄金概念,0.13777684306510168,扩散
0.04002772816767841,0.08658106633271467,-0.04655333816503626,1.057685062192426,0.7898636855889927,0.0,2160.46,2026-01-14,BK0895,维生素,0.09752322779861215,扩散
0.05730406076823735,0.14154799408512275,-0.0842439333168854,0.7351536903672773,0.8586978270113157,1.0,14204.51,2026-01-14,BK0520,社保重仓,0.09745268617790752,扩散
0.028134355109040055,0.08472514667702424,-0.05659079156798419,1.2455552516440114,0.9870872864611666,0.0,1061.23,2026-01-14,BK0947,屏下摄像,0.09472423888051094,扩散
0.03349225228687591,0.07530662474921912,-0.04181437246234321,0.7914647627590903,0.7132330706731635,1.0,3119.4,2026-01-14,BK0672,沪企改革,0.07954139831314067,扩散
0.06792462334057192,0.1385027998293551,-0.07057817648878317,0.75196245890554,0.7077253822225607,0.0,19081.25,2026-01-14,BK0554,物联网,0.07524758825634424,扩散
0.0673348318710505,0.14909069881747494,-0.08175586694642445,0.7976577974365604,0.8159816725308586,0.0,3974.36,2026-01-14,BK0667,国家安防,0.07519902552461566,扩散
0.044412165767474754,0.07871064926794324,-0.03429848350046849,0.5368371690211233,0.5728925178422741,1.0,1761.61,2026-01-14,BK0843,天然气,0.07059003298903131,扩散
0.049023465999283644,0.09196436585068346,-0.042940899851399816,0.8942059538478231,0.6208224417695067,0.0,4744.88,2026-01-14,BK0622,地热能,0.06914725784850656,扩散
0.03177991382167722,0.05487027950226375,-0.023090365680586533,0.86474461359369,0.6997913624202059,0.0,1556.44,2026-01-14,BK1079,户外露营,0.06303747249893253,扩散
0.03748364529652082,0.08362849381696891,-0.04614484852044809,0.6429861783614705,0.7331576281642853,1.0,1942.74,2026-01-14,BK0966,碳交易,0.059380933800613205,扩散
0.038596887283544046,0.09250089050615684,-0.053904003222612795,0.7947427731035159,0.6969709421659751,1.0,1564.21,2026-01-14,BK1144,高压快充,0.05538549140621729,扩散
0.026530960153048566,0.04861814311973944,-0.022087182966690877,0.40710162995232624,0.7853571826271035,1.0,1625.83,2026-01-14,BK0907,转基因,0.05418538912518117,扩散
0.01085349505816846,0.016668689741277776,-0.005815194683109315,1.2388933474599773,0.6026834922819231,0.0,2345.17,2026-01-14,BK0811,超级品牌,0.049650759990837165,扩散
0.04370084413466735,0.1218694971629819,-0.07816865302831455,0.741824665711952,0.8982271096472383,1.0,1376.13,2026-01-14,BK1108,科创板做市股,0.04870511071830251,扩散
0.04761102290970043,0.09032585618019029,-0.04271483327048986,0.4292295147795937,0.5912461356437142,1.0,1181.15,2026-01-14,BK1080,新型城镇化,0.036296924516969836,扩散
0.05100462495022806,0.13072024648032343,-0.07971562153009537,0.9095112047698177,0.904004421464176,0.0,1372.57,2026-01-14,BK1142,裸眼3D,0.034488568724283186,扩散
0.02638379549207559,0.028534433663217396,-0.0021506381711418054,0.3894636516155223,0.7531133926727638,0.0,1914.37,2026-01-14,BK1014,发电机概念,0.024317060238599114,扩散
0.012521130636474531,0.025359794573720507,-0.012838663937245975,0.9163114763524585,0.7878653500434241,0.0,1030.22,2026-01-14,BK0944,肝素概念,0.02403978243589382,扩散
0.057276942646582896,0.11393832939868354,-0.05666138675210064,0.4580979263871101,0.5264071901058291,1.0,8295.12,2026-01-14,BK0614,食品安全,0.022250812698969877,扩散
0.09884090299445147,0.21289188506886325,-0.11405098207441178,0.48764958957644144,0.6775585401876538,0.0,3891.6,2026-01-14,BK0710,量子科技,0.018001988185402204,扩散
0.027974646072405074,0.0614672300638317,-0.03349258399142663,0.9159835001053798,0.7277491972897936,0.0,1180.67,2026-01-14,BK0945,装配建筑,0.014552251111739405,扩散
0.03813549625183499,0.10085038671275082,-0.06271489046091583,0.690656915030275,0.7593410678998298,1.0,3175.48,2026-01-14,BK0594,长江三角,0.012457144102021117,扩散
0.02481126716420823,0.061936936936936915,-0.03712566977272869,0.7026947548811295,0.6945044595658858,1.0,13079.41,2026-01-14,BK0525,参股银行,0.012325405515250784,扩散
0.02973700117336109,0.058736077599863545,-0.028999076426502457,0.6891588171016518,0.7813780413607907,0.0,868.82,2026-01-14,BK0721,PPP模式,0.01231655974044331,扩散
0.06341647320277,0.1461455110566161,-0.08272903785384611,0.8043179073598365,0.7220546492679105,0.0,1607.79,2026-01-14,BK0801,增强现实,0.009216602756114523,扩散
0.03368134936683087,0.07489775460647818,-0.041216405239647314,0.6928359068089136,0.8388320019475335,0.0,18786.59,2026-01-14,BK0493,新能源,0.008545144666609772,扩散
0.020410711280717697,0.052373167918845276,-0.03196245663812758,0.7800676621791549,0.9007157814637714,0.0,1879.77,2026-01-14,BK0870,单抗概念,0.004333508306773282,扩散
0.03764009878151375,0.09634132354627822,-0.05870122476476447,0.5798726691843041,0.7549369626237561,1.0,1147.08,2026-01-14,BK1195,2025中报预减,-0.0017709458517725096,扩散
0.08698167260440015,0.2646867154532344,-0.17770504284883426,1.0015791016221343,0.9662968614420269,1.0,2367.62,2026-01-14,BK1121,第四代半导体,-0.006464247463618983,扩散
0.042626380912198725,0.14932300639264207,-0.10669662548044334,1.1153450005341665,0.8638872038482266,1.0,2421.75,2026-01-14,BK1164,AIPC,-0.007366931082939704,扩散
0.05616178693101781,0.10543178101289574,-0.04926999408187793,0.3947885577304622,0.41225673876546076,1.0,1649.26,2026-01-14,BK0946,EDA概念,-0.012583051077754634,扩散
0.053236217035003364,0.10063347529630051,-0.04739725826129715,0.3783592351922287,0.44354266900940154,1.0,3594.79,2026-01-14,BK1158,微盘股,-0.01601230714673023,扩散
0.0244722542589757,0.0760783746481759,-0.051606120389200205,0.697397651848823,0.7894692950344118,1.0,1785.44,2026-01-14,BK0913,消毒剂,-0.018134823627145913,扩散
0.045232178477105256,0.11356998694052,-0.06833780846341475,0.7300262935980879,0.5906809874803518,1.0,1875.92,2026-01-14,BK0692,旅游概念,-0.020287784955769064,扩散
0.017827412091161232,0.014040271741347032,0.0037871403498141998,0.489218779385739,0.6577765941272207,0.0,2237.49,2026-01-14,BK0896,白酒,-0.020721208145657838,孕育
0.028296756289239777,0.08113062387640246,-0.052833867587162686,0.9579134976748851,0.8098924134921475,0.0,16525.86,2026-01-14,BK0514,参股券商,-0.026413269982490065,扩散
0.03918553805680958,0.10621771462090113,-0.06703217656409155,0.5502771350656788,0.7511884588042239,1.0,1169.25,2026-01-14,BK1196,2025中报扭亏,-0.03665278601533528,扩散
0.04416116125430358,0.11493152726489941,-0.07077036601059583,0.6317688317904444,0.6537068223278144,1.0,3366.48,2026-01-14,BK0596,融资融券,-0.03754859174265471,扩散
0.03927134061416404,0.08368179883316218,-0.04441045821899814,0.5539256239294854,0.47841267774586815,1.0,2163.95,2026-01-14,BK0925,北交所概念,-0.0417323483494772,扩散
0.04264807990172503,0.07502179798999586,-0.03237371808827083,0.3786934075659203,0.37816766693178905,1.0,1171.29,2026-01-14,BK1185,冰雪经济,-0.04719529990138874,扩散
0.03057435568532796,0.07015729746308552,-0.03958294177775756,0.8910106933024686,0.6050395561661277,0.0,1221.21,2026-01-14,BK0936,长寿药,-0.04853932994042392,扩散
0.05871443791184938,0.13495907446966005,-0.07624463655781066,0.6762430745976467,0.6598319223226699,0.0,2146.48,2026-01-14,BK0875,ETC,-0.0494805474589551,扩散
0.06579302732471426,0.16558366508283018,-0.09979063775811592,0.6514991993717585,0.8179113297057525,0.0,1815.28,2026-01-14,BK0920,车联网(车路云),-0.049558806104685285,扩散
0.05575689517295346,0.1296555051362458,-0.07389860996329234,0.625687705409459,0.7103981605149239,0.0,2482.0,2026-01-14,BK0601,海工装备,-0.05179083843726369,扩散
0.03633932271066431,0.0844570757338654,-0.04811775302320109,0.6554380777457411,0.7341705723284064,0.0,2751.17,2026-01-14,BK0595,风能,-0.05370170442423475,扩散
0.069937136478468,0.19447997218997393,-0.12454283571150593,0.9424001555508721,0.8045701549308737,0.0,1821.14,2026-01-14,BK1141,混合现实,-0.06528246270075913,扩散
0.0048321921060128226,0.026647406944279695,-0.021815214838266872,0.7879209869099428,0.8636300140431641,0.0,952.39,2026-01-14,BK0636,B股,-0.0694819096181811,扩散
0.03553013346597034,0.07735121118208843,-0.041821077716118094,0.4102628667723116,0.5256524899134765,1.0,1873.74,2026-01-14,BK1072,中俄贸易概念,-0.07216712816975765,扩散
0.03688540449342548,0.12923535956306265,-0.09234995506963717,0.8129889898387008,0.8142281975066055,1.0,1339.77,2026-01-14,BK0943,汽车拆解,-0.0757801242678311,扩散
0.03982497643229399,0.09533772600943058,-0.05551274957713659,0.6110418210705217,0.7060251810858682,0.0,1753.8,2026-01-14,BK0712,一带一路,-0.08434873846722948,扩散
0.06118387006886672,0.1533868678827317,-0.09220299781386498,0.5064814552903201,0.5461302386033524,1.0,1332.9,2026-01-14,BK1199,2025三季报预减,-0.0885883978842765,扩散
0.03529110008277736,0.1240611655892927,-0.08877006550651534,0.7811383881040732,0.7861032846301563,1.0,2663.98,2026-01-14,BK0701,中证500,-0.08952172736700809,扩散
0.01451883076243421,0.020483831696706645,-0.005965000934272435,0.6362228023585683,0.5558289280755924,0.0,11022.95,2026-01-14,BK0566,滨海新区,-0.09040811921337638,扩散
0.037884596693197325,0.12731154290540347,-0.08942694621220615,0.8945602188970039,0.9304898340856507,0.0,1922.1,2026-01-14,BK1049,EDR概念,-0.09096678606355321,扩散
0.04098214261181132,0.10076938275048519,-0.05978724013867387,0.643234136849659,0.6938911793607476,0.0,3788.54,2026-01-14,BK0590,西部大开发,-0.09226593731459527,扩散
0.05554024032302518,0.1356887376777458,-0.08014849735472063,0.6362577547650792,0.6666479725841699,0.0,1952.76,2026-01-14,BK1180,华为海思,-0.09534778138321683,扩散
0.036668084341417106,0.06790845569803206,-0.03124037135661495,0.5397029313075203,0.49731438906123193,0.0,2364.36,2026-01-14,BK0852,冷链物流,-0.09740557744592854,扩散
0.03112957529375171,0.10790000326881666,-0.07677042797506495,0.7398080967170868,0.7267779602379842,1.0,3050.37,2026-01-14,BK0705,上证380,-0.09804533818310845,扩散
0.04151272496630454,0.12504924434903253,-0.08353651938272799,0.7771838529955502,0.5975709841441947,1.0,1970.49,2026-01-14,BK1175,玻璃基板,-0.09856221458531869,扩散
0.03339762631218157,0.07642632131606586,-0.04302869500388429,0.5947081590094239,0.6504731869752418,0.0,3075.35,2026-01-14,BK0592,铁路基建,-0.09862697032697093,扩散
0.035884407748491665,0.08515656094619728,-0.049272153197705615,0.43174306131445306,0.5191949778091243,1.0,1826.72,2026-01-14,BK0812,贬值受益,-0.09995067482741524,扩散
0.017903842285254656,0.08260847111248837,-0.06470462882723371,0.6426425372689724,0.875193288990799,1.0,1467.4,2026-01-14,BK1095,钒电池,-0.10048882267528911,扩散
0.035484726414022116,0.09702061621202196,-0.06153588979799984,0.5388930605292748,0.5888246713831886,1.0,819.99,2026-01-14,BK0803,股权转让,-0.10366716571198595,扩散
0.017916008992483246,0.08154265268582694,-0.0636266436933437,0.833220787269189,0.9902978758165306,0.0,34837.3,2026-01-14,BK0524,参股期货,-0.10456668745258098,扩散
0.017512554673578373,0.04066925794116272,-0.023156703267584344,0.45905935230374384,0.7650485846556085,0.0,12562.21,2026-01-14,BK0498,AB股,-0.10724638468717679,扩散
0.03908679194267939,0.09326994196631766,-0.05418315002363827,0.6356185647095729,0.6161110972509456,0.0,3074.45,2026-01-14,BK0577,核能核电,-0.11261480339380456,扩散
0.032715822189506305,0.06478291249036228,-0.03206709030085597,0.3677454427581084,0.638287601240199,0.0,1767.71,2026-01-14,BK0834,乡村振兴,-0.11465511894471024,扩散
0.01629524518470271,0.03532157922176404,-0.019026334037061332,0.672530428842224,0.5842551778318081,0.0,873.77,2026-01-14,BK0992,REITs概念,-0.11607237313369137,扩散
0.03669287811832689,0.09292179592053884,-0.05622891780221195,0.6462359352859595,0.6638567965928408,0.0,3286.7,2026-01-14,BK0700,充电桩,-0.11674357203759927,扩散
0.029431526857782275,0.06572705479145324,-0.03629552793367097,0.5138656323616764,0.6448085222100364,0.0,3569.77,2026-01-14,BK0677,粤港自贸,-0.11771163730939273,扩散
0.03624147908390962,0.06959489753120351,-0.03335341844729389,0.32539246777837216,0.33686215335237324,1.0,1479.1,2026-01-14,BK1001,内贸流通,-0.12415405881684957,扩散
0.04019868724498843,0.12269280845523478,-0.08249412121024635,0.4658793238126233,0.9853260807257964,0.0,1172.72,2026-01-14,BK0938,代糖概念,-0.12713624452362843,扩散
0.022971754323810822,0.07799282180948097,-0.05502106748567015,0.6984309753893301,0.8174419276973435,0.0,1270.49,2026-01-14,BK1139,中特估,-0.13225923911063764,扩散
0.04981023735079537,0.1132984380539277,-0.06348820070313232,0.42298213745642355,0.615911480672338,0.0,3737.02,2026-01-14,BK0623,海洋经济,-0.13230507138166353,扩散
0.03824635972454793,0.1016326563134955,-0.06338629658894757,0.6792450819410418,0.6526211073677073,0.0,1382.56,2026-01-14,BK1181,并购重组概念,-0.1341375551418461,扩散
0.019484307548710778,0.0328041750768282,-0.013319867528117424,0.4115523601509967,0.5795163231233198,0.0,2271.88,2026-01-14,BK0924,地摊经济,-0.13428514306082126,扩散
0.03290258650326594,0.08841391949197686,-0.055511332988710915,0.5765422676192442,0.6992054552794009,0.0,1021.52,2026-01-14,BK1628,2025三季报扭亏,-0.14248212243637823,扩散
0.043774035883371365,0.12153963929109435,-0.07776560340772298,0.6776222389187068,0.6881800150060433,0.0,1362.48,2026-01-14,BK0804,深股通,-0.14649658365040766,扩散
0.03393850395905185,0.0973337220253847,-0.06339521806633286,0.6850065559244094,0.6916749846484065,0.0,1957.38,2026-01-14,BK0867,富时罗素,-0.1468715839480017,扩散
0.007892360247634178,0.046988443235893795,-0.03909608298825962,0.8143820402631572,0.781286374232379,0.0,1540.12,2026-01-14,BK0718,证金持股,-0.1506160062974478,扩散
-0.0039569571871506115,0.04335980330265454,-0.047316760489805154,0.9020746499038679,1.0254072123491054,0.0,1256.08,2026-01-14,BK0711,券商概念,-0.15108837177732054,扩散
0.032035018691265016,0.0811765702324343,-0.04914155154116928,0.5839863027717065,0.6094573097819496,0.0,5361.36,2026-01-14,BK0683,央国企改革,-0.15347353029383518,扩散
0.03219584275457188,0.08635693503985808,-0.054161092285286205,0.6027239088714524,0.6355166342694698,0.0,4163.3,2026-01-14,BK0588,太阳能,-0.15982636249931906,扩散
0.034854638591548026,0.10994171061880476,-0.07508707202725673,0.9370287410346867,0.6177356869481447,0.0,2321.21,2026-01-14,BK0902,MiniLED,-0.15998564619821565,扩散
0.0483843623910758,0.14895424142690317,-0.10056987903582737,0.7365807226390486,0.7920117105363211,0.0,2164.4,2026-01-14,BK0998,机器视觉,-0.16097088937696613,扩散
0.04038447147644031,0.12190442033533588,-0.08151994885889557,0.7884990850467926,0.6743705192688751,0.0,2502.52,2026-01-14,BK0833,小米概念,-0.1646483148623849,扩散
0.029965827896862418,0.08495508614624403,-0.05498925824938161,0.6999903962363168,0.6063967564265718,0.0,3315.46,2026-01-14,BK0680,智能家居,-0.16644156937199014,扩散
0.0426274551390593,0.11553388216387539,-0.07290642702481609,0.474463121802311,0.47098280178550356,1.0,23989.69,2026-01-14,BK0535,QFII重仓,-0.1668035336820333,扩散
0.06734012391694866,0.3233464206776251,-0.25600629676067643,1.6655226419188622,1.6252278092147505,0.0,6987.15,2026-01-14,BK0706,人脑工程,-0.16780892580811463,扩散
0.0362841927995996,0.06416332482683207,-0.027879132027232467,0.19612080931899412,0.49889364926704416,0.0,1138.41,2026-01-14,BK0724,海绵城市,-0.16784522789900708,扩散
0.0465417148261007,0.11504579581155494,-0.06850408098545424,0.6171246899241409,0.5166201736204405,0.0,1593.59,2026-01-14,BK0881,3D玻璃,-0.16835615385826241,扩散
0.03870273179921946,0.12279800032002641,-0.08409526852080695,0.8264637426494028,0.6929415291978036,0.0,2315.58,2026-01-14,BK1178,AI眼镜,-0.17101624350262606,扩散
0.03142122598983965,0.09305713776455193,-0.06163591177471228,0.7135046245138161,0.6334319418922516,0.0,9873.29,2026-01-14,BK0505,中字头,-0.17204889236903909,扩散
0.042067319078791465,0.10939375296265275,-0.06732643388386128,0.5505166278897651,0.6122716471272447,0.0,2199.95,2026-01-14,BK0597,水利建设,-0.1724550985620857,扩散
0.021318302038978887,0.047802784646915786,-0.0264844826079369,0.48759480353222107,0.5499360446680259,0.0,1088.95,2026-01-14,BK1098,生物质能发电,-0.17300477303833023,扩散
0.04031619129933728,0.06520276187578933,-0.02488657057645205,0.23845819342809116,0.3488631492309986,0.0,1155.5,2026-01-14,BK0825,新零售,-0.17544390564666118,扩散
0.010327658843883203,0.041581003989271226,-0.03125334514538802,0.6601222658683612,0.6817510700505462,0.0,1530.02,2026-01-14,BK1112,破净股,-0.17563581611073084,扩散
0.03201525112151726,0.0683190414659931,-0.03630379034447584,0.38480895638838764,0.5285852709051266,0.0,1364.19,2026-01-14,BK0914,医废处理,-0.17676854272757003,扩散
0.03405936792596198,0.06799124292618441,-0.03393187500022243,0.4162355006620455,0.44469203063213936,0.0,1292.75,2026-01-14,BK1058,地下管网,-0.17748828658897642,扩散
0.04500434718671231,0.13456803609993018,-0.08956368891321786,0.7213703852048026,0.6885014536904186,0.0,4050.51,2026-01-14,BK0641,智能穿戴,-0.1794603748798863,扩散
0.014678658019515733,0.05854501353978048,-0.043866355520264744,0.6483535859872593,0.743047602789972,0.0,2548.68,2026-01-14,BK0610,央视50_,-0.18063062822305248,扩散
0.020637029526423545,0.0334643230134708,-0.012827293487047253,0.4482722163322952,0.38673489994909493,0.0,1167.67,2026-01-14,BK1103,熔盐储能,-0.19054906164394542,扩散
0.03407686220834494,0.09638155358738176,-0.062304691379036825,0.569763922560941,0.6297983005502019,0.0,2417.62,2026-01-14,BK0989,储能,-0.1931809057982103,扩散
0.00667148949991625,0.06939075626375768,-0.06271926676384143,0.728376463027127,1.0119066049722059,0.0,11591.49,2026-01-14,BK0492,煤化工,-0.19408396962857138,扩散
0.02387994511885383,0.06160934477309987,-0.03772939965424604,0.36487495884697463,0.3930567794395785,1.0,2156.67,2026-01-14,BK0856,工业大麻,-0.19612099578438677,扩散
0.019510718950084494,0.03805268833769837,-0.018541969387613877,0.4295683942430153,0.44068524057998126,0.0,1280.22,2026-01-14,BK1068,净水概念,-0.20692823330982552,扩散
0.03303046351005512,0.09428359622266447,-0.06125313271260935,0.5433698982187922,0.6071549819996098,0.0,18628.69,2026-01-14,BK0552,机构重仓,-0.21089072842957954,扩散
0.03001839493117453,0.057274468667335654,-0.027256073736161124,0.36053848785086284,0.3841606547491463,0.0,1159.09,2026-01-14,BK0866,人造肉,-0.21263884622149545,扩散
0.03495848371891208,0.11933405857383583,-0.08437557485492375,0.8021590819759605,0.6692077228745594,0.0,1049.51,2026-01-14,BK1094,钙钛矿电池,-0.21288592317597096,扩散
0.02296811978562352,0.07974433292704974,-0.056776213141426224,0.6541579423300907,0.6526762386490934,0.0,1851.47,2026-01-14,BK0879,标准普尔,-0.2150183730073069,扩散
0.03433129908869481,0.11864858265444278,-0.08431728356574797,0.7885819563700958,0.6818856719630848,0.0,1511.82,2026-01-14,BK0568,深成500,-0.21524411544048033,扩散
0.018351679725914227,0.03569930633973217,-0.017347626613817946,0.40642004692104816,0.4375008455843892,0.0,1284.06,2026-01-14,BK0838,东北振兴,-0.21639905626863307,扩散
0.03371964612209699,0.09634184875109875,-0.06262220262900176,0.5856047641126434,0.5614729448505031,0.0,41289.44,2026-01-14,BK0549,深圳特区,-0.21982071002726622,扩散
0.12675185403228206,0.3289739234688782,-0.20222206943659615,0.4472511024889596,0.600898344862441,0.0,2660.34,2026-01-14,BK0921,卫星互联网,-0.22082139916938598,扩散
0.020696048708376047,0.02646564757265235,-0.005769598864276304,0.312284208076669,0.3108482170708087,0.0,1222.11,2026-01-14,BK1053,低价股,-0.22155632729221525,扩散
0.0303792488928889,0.06081673979075264,-0.03043749089786374,0.3741613052910664,0.381274909547374,0.0,1728.76,2026-01-14,BK0873,垃圾分类,-0.22204635616663648,扩散
0.0008481972734759591,0.03500966134445238,-0.03416146407097642,0.8702401101579202,0.6258887289974602,0.0,814.18,2026-01-14,BK0999,茅指数,-0.22385136080188645,扩散
0.017460551541070624,0.07263455738316593,-0.05517400584209531,0.8351442807093623,0.5909214938480343,0.0,1379.88,2026-01-14,BK0743,深证100R,-0.2256527197721972,扩散
0.032359230772205594,0.10240040963467356,-0.07004117886246797,0.613553637228587,0.6359402932530214,0.0,2669.65,2026-01-14,BK0707,沪股通,-0.22600564466209647,扩散
0.04110412931533203,0.12892546583850928,-0.08782133652317725,0.515615713674064,0.482934458226022,1.0,1817.57,2026-01-14,BK0985,换电概念,-0.22835872842564955,扩散
0.041078547818320876,0.1313328897538133,-0.09025434193549242,0.6639853158151532,0.6672271059319876,0.0,2261.41,2026-01-14,BK1090,机器人概念,-0.23143547357660374,扩散
0.04269624670203398,0.09923983749968834,-0.056543590797654364,0.35962820009638263,0.44330703282527306,0.0,2205.24,2026-01-14,BK1023,培育钻石,-0.23275006555271255,扩散
0.049828918068675065,0.16542758687858572,-0.11559866880991065,0.8528571758231949,0.6802621163307685,0.0,2512.86,2026-01-14,BK0638,创业成份,-0.2328620884590751,扩散
0.1267763137539173,0.3250875861567091,-0.19831127240279178,0.3175002048240949,0.6030873534913086,0.0,2549.23,2026-01-14,BK0964,6G概念,-0.23399078191068767,扩散
0.06674504898986466,0.17160382626259985,-0.10485877727273518,0.4350707877189368,0.5186232781219366,0.0,97398.73,2026-01-14,BK0490,军工,-0.23462351563454384,扩散
0.04317389838998431,0.1209584976625655,-0.07778459927258119,0.42375807188343684,0.6202726505984135,0.0,3373.76,2026-01-14,BK0600,参股新三板,-0.23867963149985483,扩散
0.03607504350422697,0.11308941065848055,-0.07701436715425358,0.4681589040168015,0.7059780057453475,0.0,2012.41,2026-01-14,BK1162,AI手机,-0.23941325125816437,扩散
0.036259952075964774,0.09019267996698499,-0.053932727891020216,0.41832569903705186,0.4699131472961857,0.0,15335.01,2026-01-14,BK0494,节能环保,-0.24043414068509975,扩散
0.00197291042227854,0.009737073525101003,-0.007764163102822463,0.49178969526256866,0.4750785395771082,0.0,792.27,2026-01-14,BK0887,鸡肉概念,-0.2502429581067771,扩散
0.015663352004531506,0.11708819686599581,-0.1014248448614643,1.0903790872004775,0.9012737311395351,0.0,1291.03,2026-01-14,BK0948,MicroLED,-0.2590993781471384,扩散
0.011746651785714102,0.05935454970395737,-0.04760789791824327,0.691804089844239,0.5995802438360534,0.0,1087.83,2026-01-14,BK0979,低碳冶金,-0.2625199960077433,扩散
0.02393305156952552,0.07439011436462128,-0.050457062795095764,0.3800785141883345,0.3538510913297268,1.0,1213.76,2026-01-14,BK0990,快递概念,-0.2635339042350394,扩散
0.0254358898100302,0.08806892144564626,-0.06263303163561607,0.6630451959198986,0.5420631297610683,0.0,1379.16,2026-01-14,BK1192,雅下水电概念,-0.2650528879303953,扩散
0.009185964285959525,0.08067077384540733,-0.0714848095594478,0.9129966046134603,0.7652667725444542,0.0,1469.95,2026-01-14,BK1093,汽车一体化压铸,-0.26709355770530707,扩散
0.059381713761976984,0.1664429219516712,-0.10706120818969422,0.4773921578031417,0.5553641963940006,0.0,2519.75,2026-01-14,BK1163,可控核聚变,-0.26987614425447876,扩散
0.033208612522452,0.12348843387482411,-0.09027982135237211,0.4647187631710632,0.8233673739666678,0.0,2283.67,2026-01-14,BK0926,湖北自贸,-0.27251912117289545,扩散
0.03664411509200516,0.06998460284394525,-0.033340487751940096,0.29704610400968834,0.2097549555691436,0.0,1181.37,2026-01-14,BK1076,建筑节能,-0.2777981458452765,扩散
0.03553828161819039,0.10517132176699229,-0.0696330401488019,0.508982358786142,0.501362999472303,0.0,1779.79,2026-01-14,BK0823,养老金,-0.2803960473936974,扩散
0.04349087662518847,0.12081799983218056,-0.07732712320699209,0.526888299157876,0.4134356157510557,0.0,1870.04,2026-01-14,BK0916,氮化镓,-0.2901723414425442,扩散
0.008015555127170781,0.06089851166472138,-0.052882956537550596,0.717550370339566,0.631405629816109,0.0,12706.53,2026-01-14,BK0500,HS300_,-0.292543825636102,扩散
0.03128718885243553,0.10438849875256229,-0.07310130990012675,0.5362724707709179,0.5386819774380898,0.0,12903.62,2026-01-14,BK0528,转债标的,-0.30346896435396775,扩散
0.017954975051621247,0.05215994513279121,-0.03420497008116996,0.5512140934130183,0.31996097102790144,0.0,2331.86,2026-01-14,BK0849,京东金融,-0.3042389200436345,扩散
0.02854814453863419,0.10444031466512693,-0.07589217012649274,0.6140693874285756,0.5677100776757533,0.0,1224.25,2026-01-14,BK1194,2025中报预增,-0.3042521555715542,扩散
0.02818929507303536,0.09112059471365641,-0.06293129964062105,0.44651577856165403,0.5057618600735576,0.0,1585.18,2026-01-14,BK0864,氢能源,-0.31426680702955334,扩散
0.01612283169245199,0.08671607067648046,-0.07059323898402847,0.7362433737424787,0.6217984478361336,0.0,2167.39,2026-01-14,BK1177,荣耀概念,-0.3147351383088752,扩散
0.016676654634649513,0.04943219580685154,-0.03275554117220203,0.3718264646567979,0.3925240431818622,0.0,3647.48,2026-01-14,BK0697,IPO受益,-0.3217234736808784,扩散
0.022770675444640176,0.05123899313885261,-0.02846831769421243,0.3260154087508895,0.25863493398750714,0.0,30061.02,2026-01-14,BK0501,次新股,-0.32464323195385214,扩散
0.0912694145869406,0.27564969400669215,-0.18438027941975155,0.6026950135590547,0.6525428495477674,0.0,2943.23,2026-01-14,BK0963,商业航天,-0.32578100918778025,扩散
0.02969469424147242,0.058873249525446925,-0.029178555283974505,0.2907147613985499,0.16395280031504367,0.0,1478.24,2026-01-14,BK1077,统一大市场,-0.326130121590012,扩散
0.04366652978419561,0.14163359167582934,-0.09796706189163373,0.5220942693914246,0.5537170278143615,0.0,3405.63,2026-01-14,BK0699,全息技术,-0.32651709449514155,扩散
-0.00019588857857644193,0.04768719172819891,-0.04788308030677535,0.6831213408972754,0.645670374299135,0.0,1786.38,2026-01-14,BK0612,上证180_,-0.3291523212615785,扩散
0.06390708474532714,0.19406846080981666,-0.13016137606448952,0.5028117163767314,0.5673119140554799,0.0,2483.34,2026-01-14,BK0808,军民融合,-0.33019793029685784,扩散
0.019601880911786163,0.06569807037457442,-0.04609618946278826,0.43090924325965685,0.42348712241370623,0.0,1877.76,2026-01-14,BK0991,工程机械概念,-0.33429134889511286,扩散
0.040264760318019066,0.1143790605630648,-0.07411430024504573,0.34674983079631905,0.43045305944750556,0.0,2984.53,2026-01-14,BK0908,HIT电池,-0.33497718578105834,扩散
0.017019221865036904,0.09318231910642805,-0.07616309724139114,0.6718075823666272,0.6568484798724252,0.0,1537.55,2026-01-14,BK0821,MSCI中国,-0.33516284334842433,扩散
0.02579215175816274,0.10712408572677656,-0.08133193396861382,0.6816792430723888,0.5542100901720759,0.0,4507.7,2026-01-14,BK0580,LED,-0.33589563936743483,扩散
0.0583214028138086,0.1754501327084479,-0.1171287298946393,0.39304269394302827,0.5643513429976947,0.0,1966.34,2026-01-14,BK1166,低空经济,-0.3384623394819107,扩散
0.03560121142180628,0.13084371490506408,-0.0952425034832578,0.5891389647350311,0.5901230599970735,0.0,3463.91,2026-01-14,BK0674,蓝宝石,-0.3389424702939871,扩散
0.042648827737565176,0.13965686658947174,-0.09700803885190656,0.551831267218267,0.5098332785269599,0.0,2470.4,2026-01-14,BK0975,磁悬浮概念,-0.3391187934366115,扩散
0.03492879707415275,0.03916428185474996,-0.0042354847805972096,-0.06378299614032912,-0.024876171029207583,0.0,1038.52,2026-01-14,BK0965,社区团购,-0.3399900171147605,降温/不看
0.022509676613809537,0.0909904773070016,-0.06848080069319207,0.6176319078840862,0.4900539769705041,0.0,2047.32,2026-01-14,BK0909,降解塑料,-0.3420681638755592,扩散
0.05120597709861685,0.1474405191059842,-0.09623454200736736,0.4228277970914269,0.4095981687793713,0.0,1941.63,2026-01-14,BK0714,5G概念,-0.3478186190272352,扩散
0.04076921425043478,0.0910492784944057,-0.05028006424397091,0.16821652481626925,-0.028454816621106493,1.0,969.31,2026-01-14,BK1074,托育服务,-0.3486034040750996,降温/不看
0.017571117375704715,0.05061602491662298,-0.03304490754091827,0.2766145394921695,0.3679856043516414,0.0,1905.87,2026-01-14,BK0632,土地流转,-0.349559252880026,扩散
0.043423672268756874,0.13022135298612825,-0.08679768071737137,0.4000038826128025,0.44796239538388005,0.0,1745.22,2026-01-14,BK1005,专精特新,-0.3497134650135173,扩散
0.03379717676050675,0.09849363512811582,-0.06469645836760907,0.26392946901003533,0.44994131045175445,0.0,1543.79,2026-01-14,BK0933,退税商店,-0.34991043994951,扩散
0.02222428740225424,0.0578981355536321,-0.03567384815137786,0.35536255121296767,0.2648164441896763,0.0,769.97,2026-01-14,BK0971,注册制次新股,-0.3506376873507804,扩散
0.03999436513072463,0.12524589539264697,-0.08525153026192234,0.423765874673363,0.4669933729434028,0.0,2362.42,2026-01-14,BK1101,Chiplet概念,-0.35305068956442903,扩散
0.04013705830031533,0.15394405602247185,-0.11380699772215652,0.931876307965009,0.4717291160454391,0.0,2058.14,2026-01-14,BK1161,英伟达概念,-0.35309852693985444,扩散
0.00021369203603538445,0.048584213225800754,-0.04837052118976537,0.7414940343810636,0.5403298938331897,0.0,1778.64,2026-01-14,BK0950,草甘膦,-0.3554497688729802,扩散
0.011390607197298896,0.075581581920529,-0.0641909747232301,0.5963968697430397,0.6085621884472641,0.0,9720.02,2026-01-14,BK0499,AH股,-0.3577489303974983,扩散
0.025316663722231736,0.10966895662420262,-0.08435229290197088,0.5970105135152199,0.5898308174855464,0.0,2495.59,2026-01-14,BK0893,无线耳机,-0.3590912517075493,扩散
0.018426802333189274,0.05313787801127634,-0.03471107567808707,0.2523380041856491,0.3575061798526946,0.0,2568.34,2026-01-14,BK0888,农业种植,-0.3610590038162586,扩散
0.050265974380792056,0.14872778611359072,-0.09846181173279867,0.30740549475788037,0.4854000823392641,0.0,1814.45,2026-01-14,BK0976,被动元件,-0.36245943108167483,扩散
0.09477146029055405,0.274245158887958,-0.17947369859740392,0.3737585353617612,0.5825174821583734,0.0,9171.01,2026-01-14,BK0629,北斗导航,-0.36308877141477697,扩散
0.04408108944185907,0.15339302660628507,-0.109311937164426,0.5692652446677675,0.5464295846167633,0.0,4691.38,2026-01-14,BK0891,国产芯片,-0.3651711220211309,扩散
0.02118990446022595,0.060301840751153746,-0.039111936290927796,0.3518840476322236,0.2818860692167693,0.0,799.51,2026-01-14,BK0822,租售同权,-0.3670372325513938,扩散
0.03117470129783806,0.04057283238448184,-0.00939813108664378,-0.022030459141295977,0.0005722045532929876,0.0,1241.06,2026-01-14,BK1025,预制菜概念,-0.36828176250261957,扩散
0.028221297911355414,0.06210401267159438,-0.03388271476023896,0.18058473505488792,0.20188482506879235,0.0,1609.3,2026-01-14,BK0669,生态农业,-0.3688188404817413,扩散
0.013162988772744688,0.01019577567615193,0.002967213096592758,0.09898601062591683,0.09558629522136264,0.0,1203.82,2026-01-14,BK0892,乳业,-0.3699236847336729,扩散
0.008851761730500174,0.03514031552563024,-0.026288553795130065,0.3014645582260569,0.37098634965873756,0.0,1053.1,2026-01-14,BK1026,调味品概念,-0.37189833726810406,扩散
0.005612679484059191,0.007651156056149189,-0.0020384765720899978,0.19691777457879112,0.21801910699895566,0.0,1322.26,2026-01-14,BK0882,猪肉概念,-0.3719221089734027,扩散
0.029581828042984704,0.12005480219208753,-0.09047297414910282,0.565396547030188,0.5713866533537204,0.0,1120.01,2026-01-14,BK1198,2025三季报预增,-0.371927119837263,扩散
0.035664699757028684,0.10460909366270643,-0.06894439390567775,0.09019173626369636,0.25873769782255684,1.0,1312.85,2026-01-14,BK1073,啤酒概念,-0.3726243026065277,扩散
0.03195144001033179,0.07566524568095123,-0.04371380567061944,0.11348703477447075,0.2725127658344888,0.0,1198.56,2026-01-14,BK1193,海南自贸,-0.37553376369341196,扩散
0.03300185674498324,0.13803412499385348,-0.10503226824887024,0.5428066681718098,0.6729340100455914,0.0,2314.42,2026-01-14,BK1157,飞行汽车(eVTOL),-0.3787731350669008,扩散
0.03068001026430589,0.0631107534964479,-0.03243074323214201,0.17588632517814173,0.10238818791945437,0.0,1004.14,2026-01-14,BK1070,土壤修复,-0.3856175563071632,扩散
0.0205918149072446,0.07887042066823469,-0.05827860576099009,0.24028488768212397,0.5252319138752441,0.0,1660.36,2026-01-14,BK1082,噪声防治,-0.3878391628595788,扩散
0.046739959984323676,0.15625783225865253,-0.10951787227432885,0.38859857422518207,0.5448277801162213,0.0,3044.82,2026-01-14,BK0704,无人机,-0.392396093087122,扩散
0.03178033323900409,0.14153024387698454,-0.10974991063798045,0.599589300343558,0.6641932506656825,0.0,2406.38,2026-01-14,BK0802,无人驾驶,-0.39755341113538173,扩散
-0.0023487169796038154,0.05028634225596962,-0.052635059235573434,0.5883157319979349,0.6022592834944078,0.0,2217.27,2026-01-14,BK0611,上证50_,-0.404685889439532,扩散
0.04331446516987669,0.14797372142762577,-0.10465925625774908,0.40555827554390733,0.49502912377686936,0.0,1647.79,2026-01-14,BK0915,WiFi,-0.4095808699299994,扩散
0.03396594623603444,0.0629267281444974,-0.028960781908462963,-0.2883221055944062,-0.03389734431396674,1.0,3178.98,2026-01-14,BK0685,举牌,-0.4136019286478264,降温/不看
0.003226248268935139,0.0674060880829015,-0.06417983981396636,0.7402235900908778,0.507178555914416,0.0,659.23,2026-01-14,BK1011,环氧丙烷,-0.41795043031834883,扩散
0.03142621958142522,0.12206908619305445,-0.09064286661162924,0.3437055484895022,0.5039166549028109,0.0,2180.27,2026-01-14,BK1004,工业母机,-0.4401685219764141,扩散
0.004367365023102643,0.05367204841677875,-0.04930468339367611,0.4900704094716952,0.41156986439763843,0.0,1110.76,2026-01-14,BK1197,反内卷概念,-0.442454952910501,扩散
0.0019313781348682113,0.020548079949638032,-0.01861670181476982,0.19841594045575284,0.26162241816849585,0.0,1037.53,2026-01-14,BK0967,水产养殖,-0.4527736180764337,扩散
0.2703736154652594,0.7093072383574339,-0.4389336228921745,0.2923793661182261,0.013863721951764552,1.0,2508.34,2026-01-14,BK0816,昨日连板,-0.45436864620900097,扩散
0.02924606732824464,0.10724032272882011,-0.07799425540057547,0.32616440857134377,0.36554375915919457,0.0,4097.83,2026-01-14,BK1088,F5G概念,-0.45740392104197836,扩散
0.03657295222995938,0.14556640683331845,-0.10899345460335907,0.4646253151709894,0.5019684184679598,0.0,1150.71,2026-01-14,BK1148,BC电池,-0.45757258245824334,扩散
0.007717817304793595,0.035007165985455835,-0.02728934868066224,0.12485167469573444,0.27761565069541816,0.0,1169.91,2026-01-14,BK1109,供销社概念,-0.46325433652831105,扩散
0.028554645432888437,0.12742795139923935,-0.09887330596635091,0.3185041090574663,0.5981199075266941,0.0,945.54,2026-01-14,BK1097,TOPCon电池,-0.46540594241641625,扩散
0.03055853224837768,0.13701798149880484,-0.10645944925042716,0.5138604850433441,0.5161101250437388,0.0,875.14,2026-01-14,BK1059,百元股,-0.4698788133144075,扩散
0.02331127339114558,0.12265599572717334,-0.09934472233602776,0.5363805028646387,0.5383423279975164,0.0,2690.49,2026-01-14,BK0984,华为汽车,-0.4736808846453711,扩散
0.010348616049805637,0.0371821147479352,-0.026833498698129565,0.14531241761103764,0.1859327577827119,0.0,855.25,2026-01-14,BK1086,粮食概念,-0.4741324620083407,扩散
0.04176170952913405,0.19193110938006397,-0.15016939985092992,0.5232807664757111,0.5263212077407984,1.0,4192.57,2026-01-14,BK0695,小金属概念,-0.4802568771467336,扩散
0.02548324077318531,0.13374619903523155,-0.10826295826204624,0.5617966814254072,0.5540300259723698,0.0,2136.42,2026-01-14,BK1100,减速器,-0.48597638394077336,扩散
0.019919569364705403,0.09744415103795245,-0.07752458167324705,0.3823475491734061,0.41153908061379374,0.0,4554.92,2026-01-14,BK0682,燃料电池,-0.4872576615104593,扩散
0.03872405704947912,0.1512838520489883,-0.11255979499950919,0.36405338363130557,0.4898629755888726,0.0,1868.81,2026-01-14,BK1171,碳纤维,-0.4877670401564933,扩散
-0.0037013542212537276,0.05689591611026912,-0.060597270331522846,0.5696610470554448,0.5001825701609071,0.0,1806.14,2026-01-14,BK0901,3D摄像头,-0.49336228793386094,扩散
0.018378186181915224,0.11618277474668748,-0.09780458856477225,0.6620147615907495,0.47622600895461953,0.0,1374.78,2026-01-14,BK1113,复合集流体,-0.49423595864499165,扩散
0.021505058098581165,0.08188930962710339,-0.060384251528522226,0.16539800974616048,0.3066652582640934,0.0,1725.7,2026-01-14,BK1102,空气能热泵,-0.4943064931385859,扩散
0.006921957161106329,0.08014914433219666,-0.07322718717109034,0.5449327698600135,0.46353135920713195,0.0,677.88,2026-01-14,BK1000,宁组合,-0.49707874835979426,扩散
0.015082007322550606,0.09506796629022829,-0.07998595896767768,0.43050881823219034,0.45599360157622093,0.0,3485.01,2026-01-14,BK0960,无线充电,-0.5020373561403118,扩散
0.016039851505956326,0.06433130608430382,-0.04829145457834749,0.18167433245190168,0.23434404824812072,0.0,7493.68,2026-01-14,BK0511,ST股,-0.502398487259151,扩散
0.026375134295652414,0.1380977937143566,-0.11172265941870418,0.5551652817199766,0.5344978024979565,0.0,1929.77,2026-01-14,BK1184,人形机器人,-0.5043986243957734,扩散
0.03975865386583699,0.12137519179609457,-0.08161653793025758,0.21719684872458878,0.16267532749017,0.0,2031.73,2026-01-14,BK0932,尾气治理,-0.5073634499505508,扩散
0.07691222936616704,0.2440831038186826,-0.16717087445251555,0.31027929849141445,0.4222918862784997,0.0,2443.74,2026-01-14,BK1124,毫米波概念,-0.5082285176793728,扩散
0.016616126686882726,0.09813236280049797,-0.08151623611361525,0.4027551371421463,0.4420354540463818,0.0,1146.56,2026-01-14,BK1006,碳基材料,-0.5105190164504243,扩散
0.020693218146809134,0.13892440126139927,-0.11823118311459013,0.3855678585139102,0.5295049748226985,1.0,33942.02,2026-01-14,BK0519,稀缺资源,-0.5148501174678125,扩散
0.01985785953177266,0.11496553867529569,-0.09510767914352303,0.4989690739527941,0.4274884517945423,0.0,1219.75,2026-01-14,BK1007,植物照明,-0.5307883584326285,扩散
0.012707801810293073,0.09277259841599217,-0.0800647966056991,0.48924312730144703,0.36184046529487324,0.0,1869.57,2026-01-14,BK0988,钠离子电池,-0.5410290850225598,扩散
0.0554356998258283,0.1698334884492403,-0.11439778862341199,0.1972903516688933,0.18483209190365635,0.0,2539.03,2026-01-14,BK0949,氦气概念,-0.5415087486712912,扩散
0.045969329696728733,0.1638473339720099,-0.11787800427528117,0.15462144799684796,0.15952424716947844,1.0,1737.24,2026-01-14,BK1165,娃哈哈概念,-0.5415134176295325,扩散
0.013248717866013004,0.09726066872167438,-0.08401195085566138,0.456247639727706,0.4118758977912029,0.0,2513.1,2026-01-14,BK0968,固态电池,-0.5432504671464247,扩散
0.09805753104765946,0.3042623116169214,-0.20620478056926195,0.22270168807772595,0.4547930289250699,0.0,3103.44,2026-01-14,BK0994,空间站概念,-0.5451151248359234,扩散
0.030710364873268503,0.14877466805936934,-0.11806430318610084,0.4339426761687559,0.49631733184807403,0.0,8237.53,2026-01-14,BK0619,3D打印,-0.5471488329198972,扩散
0.012097840115691483,0.12416663788041027,-0.11206879776471879,0.7597710410497429,0.5501651011288213,0.0,1952.61,2026-01-14,BK1160,柔性屏(折叠屏),-0.5474045028316815,扩散
0.01657889433145532,0.10799866291008087,-0.09141976857862555,0.43484154896747573,0.42657932243413166,0.0,2320.26,2026-01-14,BK1089,汽车热管理,-0.5527292300457705,扩散
0.016183356608888477,0.10376129488956454,-0.08757793828067606,0.3918340874924553,0.4146371004354268,0.0,1855.5,2026-01-14,BK1125,电子后视镜,-0.5535482768773418,扩散
-0.03096743655407619,0.01771795313027802,-0.04868538968435421,0.5972454493227464,0.6670148443378245,0.0,1596.83,2026-01-14,BK1107,科创板做市商,-0.5546333849012131,扩散
0.003779984309498996,0.0847277647421516,-0.0809477804326526,0.4246057593236323,0.5233720585970869,0.0,1266.68,2026-01-14,BK1099,轮毂电机,-0.558364090747164,扩散
0.0019831312428160164,0.09728574974293513,-0.09530261850011912,0.5172250865461432,0.6566912236578022,0.0,1237.87,2026-01-14,BK0868,GDR,-0.5595022654034574,扩散
0.008827089596360027,0.09251157592208203,-0.08368448632572201,0.4215721349744319,0.46080967597391465,0.0,6842.4,2026-01-14,BK0625,通用航空,-0.5612222336797893,扩散
0.022350464142933735,0.12541052829126387,-0.10306006414833013,0.40798820130566615,0.45088150899636403,0.0,2398.7,2026-01-14,BK0905,传感器,-0.5618458038055817,扩散
0.017150072702226904,0.1023920508269327,-0.0852419781247058,0.37221386590191363,0.3577683594819385,0.0,2658.22,2026-01-14,BK0900,新能源车,-0.5635932615958793,扩散
0.01401240547824445,0.10274013640766522,-0.08872773092942077,0.43581756502621016,0.4001712578877097,0.0,4417.18,2026-01-14,BK0574,锂电池,-0.56838039759427,扩散
0.023308661766461514,0.13074346447567398,-0.10743480270921246,0.49983073836887915,0.40761258908174347,0.0,2400.15,2026-01-14,BK0917,半导体概念,-0.5692443809235899,扩散
0.023379609231681142,0.11772708978599034,-0.0943474805543092,0.3593661915323172,0.3417300265892662,0.0,2554.99,2026-01-14,BK1002,激光雷达,-0.570744137252398,扩散
0.05097060850143764,0.22775140866572308,-0.17678080016428543,0.684677856355943,0.5882877550157128,0.0,2211.61,2026-01-14,BK0880,UWB概念,-0.5717304266125885,扩散
0.03639620213542938,0.20510357796402823,-0.16870737582859885,0.6728953506253033,0.7561361027114386,0.0,1191.98,2026-01-14,BK0715,航母概念,-0.5726991973923387,扩散
0.023916308350649063,0.1198501451297167,-0.09593383677906764,0.2514945615687021,0.3861795535466761,0.0,995.39,2026-01-14,BK1048,IGBT概念,-0.582902326027668,扩散
0.016816849172909265,0.11471582926131774,-0.09789898008840847,0.6196489723696355,0.3032434270736031,0.0,3586.13,2026-01-14,BK0840,OLED,-0.5830108763486719,扩散
0.013069601427721622,0.07416471656816293,-0.0610951151404413,0.23475006753060823,0.1912742519538737,0.0,1702.97,2026-01-14,BK1066,民爆概念,-0.5830532837015556,扩散
0.02361675829165155,0.12095921064676918,-0.09734245235511763,0.3063690347016279,0.3709891052763392,0.0,38326.75,2026-01-14,BK0523,新材料,-0.5837816277781485,扩散
0.006207054775703158,0.07476204029442068,-0.06855498551871753,0.38400098415113626,0.2844054093203723,0.0,27981.29,2026-01-14,BK0512,化工原料,-0.5901900359664479,扩散
0.028198248367336642,0.12790862699847594,-0.0997103786311393,0.2570622671129643,0.3107865349633743,0.0,1827.9,2026-01-14,BK0983,核污染防治,-0.5984767612872766,扩散
0.02879153102557086,0.13619048664551614,-0.10739895561994528,0.30113059052615476,0.3530458287780336,0.0,2069.98,2026-01-14,BK0952,第三代半导体,-0.6012074287201125,扩散
0.014618596866056155,0.09276942386730003,-0.07815082700124387,0.23738271751378925,0.3027521335498726,0.0,1776.1,2026-01-14,BK1116,抗菌面料,-0.6036656149687242,扩散
0.006424859207214251,0.08474543190503514,-0.07832057269782089,0.2943678846511508,0.37831058783794624,0.0,2778.89,2026-01-14,BK0617,石墨烯,-0.6169070663422787,扩散
0.008174753519610611,0.11294289584372996,-0.10476814232411935,0.6192554123675014,0.4445800933852795,0.0,1873.35,2026-01-14,BK0977,碳化硅,-0.6171238334890511,扩散
0.016110170624136888,0.1246440590214859,-0.10853388839734901,0.4464152815500948,0.4347775645178029,0.0,3649.38,2026-01-14,BK0578,稀土永磁,-0.6254446718675228,扩散
0.04309481553455807,0.17767790178321552,-0.13458308624865745,0.2586555334481424,0.36307483183349754,0.0,2104.11,2026-01-14,BK0814,大飞机,-0.6302022312229716,扩散
0.027690218709082837,0.15328520117548883,-0.125594982466406,0.367131090931766,0.46131012123230364,0.0,1907.28,2026-01-14,BK1138,液冷概念,-0.6307862055501778,扩散
0.021065420975544757,0.12261578719432964,-0.10155036621878488,0.3038842124833945,0.3283119442764839,0.0,1840.45,2026-01-14,BK1155,小米汽车,-0.636964016601349,扩散
0.0019324313976778473,0.0694275667014379,-0.06749513530376006,0.289509634603758,0.281955889458952,0.0,4972.25,2026-01-14,BK0703,超级电容,-0.6384662755980435,扩散
0.16965736053466074,0.496176948946069,-0.32651958841140827,0.28205884901757794,-0.03211995573330162,1.0,27708.06,2026-01-14,BK0815,昨日涨停,-0.6642388613789318,降温/不看
0.0077296966389095445,0.10817409077636819,-0.10044439413745865,0.3980040389121886,0.4111368823377246,0.0,1366.29,2026-01-14,BK0805,钛白粉,-0.667740598114017,扩散
0.012807584151114382,0.12565791422674732,-0.11285033007563294,0.5258829917430707,0.38339160050735344,0.0,4559.68,2026-01-14,BK0666,苹果概念,-0.66775249957387,扩散
0.01420886075949368,0.11464605405593398,-0.1004371932964403,0.24401370377642362,0.3528396654097157,0.0,2563.92,2026-01-14,BK0865,电子烟,-0.6836669138890468,扩散
0.027370536003629597,0.16037905047051892,-0.13300851446688933,0.25562776333556503,0.4817511428665662,0.0,3170.26,2026-01-14,BK0890,MLCC,-0.6847332207689613,扩散
-0.0009041451338723805,0.08101633928900487,-0.08192048442287725,0.3432952298398724,0.3334301541851288,0.0,3226.65,2026-01-14,BK0951,刀片电池,-0.6883241705317457,扩散
0.012867856496592056,0.13800243972229342,-0.12513458322570137,0.49119027328090104,0.48783042633575735,0.0,1511.29,2026-01-14,BK0969,汽车芯片,-0.6892327500784944,扩散
0.012557364006935634,0.12150082207174351,-0.10894345806480787,0.3991458386350417,0.3515581597536843,0.0,7305.49,2026-01-14,BK0644,特斯拉,-0.6953469904173517,扩散
0.017794960986976083,0.14301709802230267,-0.1252221370353266,0.6211053026973321,0.2828174679596598,0.0,2756.26,2026-01-14,BK0842,富士康,-0.7045479932521239,扩散
0.02211703482256544,0.13893401328370802,-0.11681697846114258,0.2258943595536358,0.28323485429334094,0.0,2215.5,2026-01-14,BK0981,工业气体,-0.7336629961241106,扩散
0.009828070837595959,0.14085897831514593,-0.13103090747754997,0.5225988066890386,0.4704886505124328,0.0,2033.41,2026-01-14,BK1173,锂矿概念,-0.7350954166269859,扩散
0.005549874408030009,0.10930757267091629,-0.10375769826288628,0.3111694375942844,0.35421447394883665,0.0,1012.82,2026-01-14,BK1052,动力电池回收,-0.7404461572205574,扩散
0.020517676767676907,0.14476357430604736,-0.12424589753837045,0.3396900963406684,0.29565540618646735,0.0,1972.13,2026-01-14,BK1156,PEEK材料概念,-0.7449089094925994,扩散
0.01013321803983036,0.09912145553765273,-0.08898823749782236,0.22206407890749524,0.12168114783027151,0.0,1869.1,2026-01-14,BK0961,有机硅,-0.7563529787236681,扩散
0.01571400433326753,0.1342407059558426,-0.11852670162257506,0.21405939701539456,0.33594775198719407,0.0,2578.39,2026-01-14,BK1136,光通信模块,-0.7671020175145252,扩散
-0.0025676496053980147,0.08581612532772853,-0.08838377493312655,0.32597344574961484,0.22980931061607346,0.0,1002.23,2026-01-14,BK1010,磷化工,-0.7727806752605186,扩散
-0.00414098927255524,0.0775377722112951,-0.08167876148385034,0.2635250959639672,0.18951782629198188,0.0,1221.68,2026-01-14,BK1012,PVDF概念,-0.7847489679787369,扩散
0.008908427339084257,0.1232039301148744,-0.11429550277579015,0.31422118061081306,0.27350228755844386,0.0,2432.68,2026-01-14,BK1168,铜缆高速连接,-0.7948285938450933,扩散
0.013842247145525066,0.15472921993544864,-0.14088697278992357,0.3472147999495103,0.45651761871930674,0.0,2203.87,2026-01-14,BK1145,机器人执行器,-0.7992265367002418,扩散
0.00800148734354833,0.11008394596244253,-0.1020824586188942,0.24875815601946405,0.1706980964813416,0.0,2873.53,2026-01-14,BK0877,PCB,-0.803063454998324,扩散
-0.006212698503642922,0.08456375838926178,-0.0907764568929047,0.22033338776743516,0.27797108938026494,0.0,5203.52,2026-01-14,BK1128,CPO概念,-0.8149722487274407,扩散
-0.003965643501681715,0.04343557803580955,-0.04740122153749127,-0.10746004750276827,-0.11345602561424106,0.0,1604.95,2026-01-14,BK0927,免税概念,-0.8403594778694057,降温/不看
0.0013453999903207947,0.10848124119383473,-0.10713584120351394,0.21435956596071915,0.2672076211283885,0.0,4138.16,2026-01-14,BK0884,光刻机(胶),-0.8413694751380113,扩散
0.02418609502342406,0.12973017886875193,-0.10554408384532787,0.10963289397715203,-0.09485068986075051,0.0,14140.2,2026-01-14,BK0536,基金重仓,-0.8454612590401342,降温/不看
-0.0010439356010937262,0.11129060127866652,-0.11233453687976025,0.23142966658552155,0.34524978820035246,0.0,2765.48,2026-01-14,BK0898,胎压监测,-0.8460020041625095,扩散
-0.0024419900183657584,0.13311489430556023,-0.13555688432392599,0.5112468952861131,0.4329229019609566,0.0,1960.81,2026-01-14,BK1092,麒麟电池,-0.8559888901269495,扩散
0.0071618361176435386,0.15776877976852233,-0.1506069436508788,0.4512560812873432,0.45334705445802603,0.0,1978.65,2026-01-14,BK0935,中芯概念,-0.8636127708402837,扩散
0.026893839042320566,0.16280175339088343,-0.13590791434856286,0.05291207510010443,0.17177297976912742,0.0,7093.3,2026-01-14,BK0679,超导概念,-0.8707971166064035,扩散
0.009206615553512432,0.1681500498478734,-0.15894343429436097,0.29447116939220686,0.4135958791557861,0.0,2261.41,2026-01-14,BK1137,存储芯片,-0.9399888478676734,扩散
0.19647855636004508,0.631107484442502,-0.4346289280824569,0.3040917051267491,-0.0014629736539931715,1.0,14332.15,2026-01-14,BK1050,昨日涨停_含一字,-0.9414855464374824,降温/不看
0.004281352586028797,0.12783263296295333,-0.12355128037692453,0.13227764586293422,-0.031430828257907106,0.0,2624.85,2026-01-14,BK0855,纳米银,-1.030192077130333,降温/不看
-0.013856461900915829,0.11743724490408991,-0.13129370680500574,0.36167628884671177,0.1569734419441211,0.0,5579.61,2026-01-14,BK0690,氟化工,-1.05874024894335,扩散
-0.00023961631897728708,0.13374022825132736,-0.13397984457030465,-0.08256504264031506,-0.023295616172790745,0.0,2712.02,2026-01-14,BK1131,同步磁阻电机,-1.1558877574433637,降温/不看
-0.02873506179614571,0.1205504179323631,-0.1492854797285088,0.2483577001322168,0.24811468806962877,0.0,1663.67,2026-01-14,BK1152,高带宽内存,-1.2313350644349053,扩散
0.28083887825479303,1.0292061276308981,-0.7483672493761051,0.799054067654106,0.5965734563048251,1.0,1686.25,2026-01-14,BK1051,昨日连板_含一字,-1.3986580223505252,扩散
